,airport,amusement_park,aquarium,atm,bus_station,casino,fire_station,gas_station,hindu_temple,library,mosque,movie_theater,museum,night_club,park,police,restaurant,shopping_mall,spa,stadium,taxi_stand,train_station,travel_agency,zoo,lodging,meal_delivery,meal_takeaway,transport,stay,food,access_points,alts,y
0,1.0,0.1,0.0,1.0,0.1,0.0,0.0,0.2,1.0,1.0,0.0,0.2,0.2,0.1,0.0,1.0,0.1,0.0,0.0,0.1,1.0,0.0,0.1,1.0,0.2,2.0,1.0,2.0,0.1,3.0,2.0,3.0,0.1
1,0.1,1.0,0.1,1.0,0.2,0.1,0.2,0.2,0.1,0.1,1.0,0.2,0.2,0.2,1.0,0.0,1.0,0.2,1.0,1.0,1.0,0.0,0.2,0.0,0.0,2.0,0.2,1.0,0.0,3.0,1.0,5.0,0.3
2,0.2,0.1,1.0,1.0,0.1,0.0,1.0,0.1,1.0,1.0,0.1,0.0,0.1,0.0,0.0,0.2,0.1,1.0,0.2,0.1,0.2,1.0,1.0,0.0,0.2,1.0,1.0,2.0,0.1,2.0,3.0,3.0,0.4
3,0.2,1.0,0.0,0.1,2.0,0.2,0.0,0.0,0.1,0.1,0.0,1.0,0.1,0.2,0.2,1.0,0.0,2.0,1.0,0.0,0.0,0.2,0.1,0.0,0.1,2.0,0.2,2.0,0.1,2.0,3.0,3.0,0.4
4,0.0,0.1,1.0,1.0,0.2,0.2,1.0,1.0,0.0,0.1,0.0,2.0,0.2,1.0,0.0,0.2,0.1,0.0,0.0,3.0,0.2,0.0,0.0,0.2,0.2,0.0,0.2,0.2,0.1,0.0,3.0,7.0,0.2
5,1.0,0.0,1.0,2.0,0.1,0.0,0.1,0.0,0.1,0.1,0.1,1.0,1.0,0.0,0.0,0.1,0.2,0.0,1.0,1.0,1.0,0.1,0.0,0.2,0.2,0.0,1.0,2.0,0.2,1.0,2.0,5.0,0.2
6,1.0,0.2,0.1,0.2,0.1,0.1,0.2,1.0,0.2,1.0,0.2,0.1,0.2,0.0,1.0,0.2,2.0,0.2,0.1,0.1,0.1,1.0,0.2,1.0,0.0,0.2,2.0,2.0,0.0,4.0,1.0,3.0,0.3
7,0.1,0.0,0.2,0.2,0.2,0.1,1.0,0.0,0.2,0.0,1.0,1.0,1.0,1.0,0.2,1.0,1.0,0.0,2.0,0.2,0.2,0.0,1.0,0.0,0.1,0.0,0.2,1.0,0.0,1.0,2.0,6.0,0.2
8,2.0,0.2,1.0,0.0,0.1,0.1,0.1,0.1,2.0,0.1,0.0,1.0,0.1,0.1,0.0,2.0,0.2,1.0,0.0,0.1,0.1,0.1,0.0,0.0,0.1,0.2,1.0,2.0,0.1,1.0,3.0,4.0,0.4
9,0.2,0.2,0.1,0.0,0.1,0.1,1.0,0.1,0.2,0.0,0.1,0.1,1.0,3.0,1.0,0.2,0.2,0.0,0.2,1.0,1.0,0.1,0.0,0.0,0.2,0.0,2.0,1.0,0.0,2.0,1.0,6.0,0.1
10,0.1,0.1,0.1,0.1,0.0,0.2,1.0,0.2,0.2,0.2,0.0,1.0,0.1,0.2,1.0,0.1,1.0,0.1,1.0,2.0,0.1,0.0,0.0,0.2,1.0,2.0,0.0,0.0,1.0,3.0,1.0,5.0,0.1
11,0.0,1.0,1.0,0.2,0.0,0.2,0.2,1.0,0.0,0.2,0.2,0.1,0.1,1.0,0.1,0.0,0.0,1.0,0.2,2.0,0.1,1.0,0.1,0.2,0.1,1.0,1.0,1.0,0.2,2.0,2.0,5.0,0.4
12,0.2,1.0,0.0,0.1,0.2,0.0,0.2,0.1,0.1,1.0,1.0,3.0,0.2,0.1,1.0,0.1,0.2,1.0,0.1,0.1,0.1,1.0,0.1,0.2,1.0,0.0,0.1,1.0,1.0,0.0,1.0,7.0,0.1
13,0.0,1.0,0.1,1.0,1.0,0.0,0.0,0.1,0.0,0.2,0.2,0.2,0.1,0.2,1.0,2.0,0.1,1.0,1.0,1.0,0.2,0.0,1.0,0.0,0.2,0.1,0.1,2.0,0.1,0.2,4.0,4.0,0.4
14,0.2,1.0,0.1,0.2,0.0,2.0,0.1,0.1,0.0,2.0,1.0,0.2,1.0,1.0,0.2,0.0,0.0,0.0,0.0,0.2,0.2,0.2,1.0,0.1,0.0,1.0,0.2,1.0,0.0,1.0,0.2,8.0,0.3
15,0.0,0.2,0.1,1.0,0.2,0.2,0.1,0.1,1.0,1.0,0.2,0.2,1.0,0.2,0.2,0.0,0.0,0.2,1.0,0.1,2.0,0.1,1.0,0.2,1.0,1.0,0.2,3.0,1.0,1.0,1.0,4.0,0.3
16,0.0,0.2,1.0,0.2,1.0,0.1,1.0,1.0,0.2,1.0,1.0,0.1,1.0,0.1,0.0,0.2,0.0,0.2,1.0,1.0,0.0,0.2,0.2,0.0,0.2,0.1,1.0,1.0,0.0,1.0,2.0,6.0,0.3
17,0.2,1.0,1.0,1.0,0.2,0.0,0.2,0.1,1.0,0.2,0.1,0.0,0.1,0.2,0.1,0.0,0.0,0.2,1.0,0.1,0.0,1.0,1.0,1.0,0.2,1.0,1.0,2.0,0.1,2.0,1.0,5.0,0.3
18,0.1,0.0,0.0,0.2,0.1,0.2,2.0,1.0,0.2,0.0,0.2,0.2,0.1,1.0,1.0,0.0,0.1,0.0,0.2,2.0,0.0,0.1,0.0,0.0,1.0,0.0,2.0,0.0,1.0,2.0,3.0,4.0,0.4
19,0.2,0.2,0.1,0.2,1.0,0.1,0.0,0.0,2.0,0.0,0.0,1.0,0.2,2.0,0.0,1.0,0.1,1.0,0.1,0.2,1.0,0.0,0.0,1.0,0.2,0.2,0.1,2.0,0.2,0.2,2.0,6.0,0.1
20,1.0,2.0,0.1,0.0,0.2,0.2,0.1,2.0,0.1,0.2,1.0,0.0,1.0,0.1,0.1,1.0,0.0,0.1,0.2,0.1,0.2,0.2,0.2,0.1,1.0,0.1,1.0,1.0,1.0,1.0,3.0,4.0,0.2
21,0.2,2.0,2.0,0.2,0.1,0.0,0.2,0.1,0.1,0.0,1.0,0.1,1.0,1.0,0.1,0.2,0.2,1.0,1.0,0.1,0.2,0.1,0.2,0.1,0.1,0.2,1.0,0.1,0.1,1.0,1.0,8.0,0.2
22,0.0,0.0,0.1,0.2,0.0,0.1,0.2,1.0,0.2,1.0,0.1,0.2,0.2,0.2,1.0,1.0,2.0,1.0,1.0,0.1,1.0,0.2,1.0,0.2,0.1,0.1,0.1,2.0,0.1,2.0,3.0,3.0,0.2
23,0.0,0.0,0.2,0.1,0.0,0.1,0.2,1.0,0.0,0.0,1.0,1.0,1.0,0.0,1.0,0.1,1.0,0.1,1.0,0.2,0.0,0.2,2.0,0.2,0.2,0.0,1.0,2.0,0.1,2.0,1.0,5.0,0.4
24,0.0,0.0,0.0,1.0,1.0,0.0,0.0,0.0,1.0,0.1,0.1,1.0,0.0,1.0,0.2,1.0,0.2,2.0,0.1,0.2,0.2,1.0,0.1,0.0,0.1,0.0,1.0,2.0,0.0,1.0,4.0,3.0,0.4
25,0.0,0.1,0.0,1.0,0.2,0.1,0.0,0.2,0.0,0.1,0.1,0.2,2.0,0.0,0.0,0.2,0.2,0.2,1.0,1.0,1.0,0.2,0.2,0.0,3.0,0.1,1.0,1.0,3.0,1.0,1.0,4.0,0.4
26,0.2,0.0,0.0,1.0,1.0,0.1,0.0,1.0,0.0,2.0,1.0,1.0,0.0,0.1,0.1,0.0,0.2,1.0,0.2,0.1,0.0,0.2,2.0,0.2,0.2,0.1,0.2,3.0,0.0,0.1,3.0,4.0,0.3
27,1.0,0.1,0.1,0.0,0.2,0.0,0.2,0.1,1.0,1.0,1.0,0.1,1.0,1.0,0.1,0.1,0.2,1.0,1.0,0.0,1.0,0.0,0.0,0.2,0.0,0.0,1.0,2.0,0.2,1.0,1.0,6.0,0.2
28,0.1,0.1,0.2,1.0,0.2,0.2,1.0,0.0,0.1,0.1,1.0,1.0,1.0,0.1,0.0,0.1,0.1,0.0,0.0,0.0,1.0,2.0,1.0,0.0,0.2,1.0,0.0,4.0,0.1,1.0,2.0,3.0,0.1
29,0.1,1.0,0.1,1.0,1.0,0.2,1.0,1.0,0.2,0.1,0.0,1.0,0.2,0.2,0.2,0.2,0.2,0.0,0.2,0.0,0.2,0.1,0.0,0.2,3.0,1.0,0.0,1.0,3.0,1.0,3.0,2.0,0.1
30,1.0,0.1,0.2,0.1,1.0,0.2,1.0,0.1,1.0,0.1,1.0,0.0,0.2,0.2,0.2,0.0,0.0,1.0,0.1,1.0,0.2,0.1,1.0,0.1,0.2,1.0,1.0,3.0,0.1,2.0,2.0,3.0,0.4
31,0.0,1.0,0.1,0.2,1.0,0.2,1.0,1.0,1.0,0.0,1.0,1.0,0.0,0.2,0.2,0.2,1.0,1.0,1.0,0.1,0.2,0.1,0.2,0.1,0.0,0.0,0.0,1.0,0.0,1.0,3.0,5.0,0.3
32,0.0,0.2,0.1,0.1,1.0,0.1,0.0,0.0,0.0,0.2,1.0,0.2,2.0,1.0,0.2,0.2,0.1,0.2,0.0,1.0,0.0,0.2,1.0,1.0,1.0,1.0,0.1,2.0,1.0,1.0,0.2,6.0,0.2
33,0.2,0.1,0.1,0.0,0.2,0.0,1.0,0.0,0.1,0.0,0.2,1.0,0.0,2.0,0.2,0.0,0.2,1.0,1.0,0.2,0.0,0.0,1.0,0.2,1.0,1.0,1.0,1.0,1.0,2.0,2.0,4.0,0.4
34,0.1,0.0,0.0,0.1,1.0,0.2,2.0,0.0,0.1,0.0,0.1,0.2,0.1,0.0,1.0,0.2,0.1,0.1,0.0,1.0,0.1,1.0,2.0,0.0,1.0,0.2,1.0,4.0,1.0,1.0,2.0,2.0,0.3
35,0.1,0.1,1.0,0.1,0.2,0.1,1.0,0.0,0.0,2.0,0.2,0.0,1.0,0.2,0.1,2.0,0.0,0.0,0.1,0.0,2.0,0.0,0.0,0.2,1.0,0.0,0.1,2.0,1.0,0.2,3.0,4.0,0.4
36,1.0,0.1,2.0,1.0,1.0,0.0,1.0,1.0,0.2,0.1,0.2,0.1,1.0,0.0,0.2,1.0,0.2,0.0,0.0,0.1,0.1,0.2,1.0,0.0,0.0,0.0,0.2,3.0,0.1,0.0,4.0,3.0,0.2
37,1.0,0.1,2.0,1.0,0.2,0.2,0.1,0.0,0.2,1.0,0.0,0.0,0.1,0.1,0.2,0.1,0.0,1.0,1.0,1.0,0.2,0.1,1.0,0.0,0.1,1.0,0.1,2.0,0.0,1.0,2.0,5.0,0.3
38,1.0,0.0,1.0,1.0,1.0,0.2,0.0,0.0,2.0,0.2,0.2,0.2,0.1,0.2,1.0,0.2,0.1,0.0,0.1,1.0,0.0,1.0,0.0,0.0,0.2,1.0,0.1,3.0,0.2,1.0,1.0,5.0,0.3
39,0.0,0.0,0.0,0.0,0.1,0.2,0.0,0.1,1.0,0.2,0.0,2.0,1.0,0.2,0.1,2.0,0.1,0.1,1.0,2.0,1.0,0.0,0.2,0.1,0.0,0.2,0.2,1.0,0.0,0.1,2.0,7.0,0.3
40,0.2,0.1,0.2,1.0,0.2,0.1,0.1,0.1,2.0,0.0,1.0,1.0,0.1,1.0,0.0,0.2,1.0,1.0,0.1,0.0,0.0,0.0,1.0,0.2,0.1,1.0,0.0,1.0,0.2,2.0,2.0,5.0,0.1
41,0.0,0.0,0.1,0.1,0.0,0.0,0.0,0.0,0.0,0.0,0.0,0.2,0.0,1.0,0.2,1.0,1.0,0.1,1.0,1.0,0.1,1.0,1.0,1.0,1.0,0.0,1.0,2.0,1.0,2.0,1.0,4.0,0.2
42,2.0,0.1,0.1,0.0,1.0,0.0,0.0,0.2,0.0,2.0,2.0,0.1,0.0,0.0,0.1,0.1,0.2,0.2,1.0,0.1,2.0,0.2,0.1,0.0,0.2,0.1,0.0,5.0,0.2,0.1,0.2,5.0,0.3
43,0.0,1.0,1.0,0.1,0.1,0.2,0.2,0.1,0.2,0.1,0.2,0.2,2.0,0.0,0.0,0.1,1.0,1.0,1.0,1.0,0.0,0.0,0.0,1.0,0.2,0.2,1.0,0.1,0.1,2.0,1.0,7.0,0.3
44,1.0,2.0,0.0,2.0,0.0,0.2,0.2,0.1,0.0,0.1,0.2,0.0,0.1,0.1,0.0,1.0,0.2,0.1,0.0,0.1,1.0,0.2,2.0,1.0,0.0,0.2,0.0,4.0,0.0,0.1,3.0,3.0,0.2
45,1.0,0.0,0.2,1.0,0.0,0.0,1.0,1.0,0.1,0.2,0.2,1.0,0.1,1.0,0.0,0.1,2.0,0.2,0.1,0.2,1.0,0.2,0.0,0.1,0.2,1.0,0.1,2.0,0.0,3.0,3.0,2.0,0.3
46,0.0,1.0,1.0,1.0,0.0,0.2,1.0,0.2,0.1,1.0,0.2,0.1,1.0,1.0,0.0,0.1,1.0,0.0,0.1,1.0,0.1,1.0,0.0,0.2,0.1,0.1,0.0,1.0,0.0,1.0,2.0,6.0,0.4
47,1.0,0.2,0.1,0.2,1.0,0.0,2.0,0.1,0.1,0.2,0.0,1.0,0.0,1.0,0.0,0.0,0.1,0.0,0.0,0.0,1.0,0.1,1.0,0.0,1.0,1.0,0.0,4.0,1.0,1.0,2.0,2.0,0.3
48,0.1,0.1,1.0,0.2,1.0,0.1,0.1,0.0,0.2,0.0,1.0,0.2,0.1,1.0,0.2,1.0,1.0,1.0,0.2,1.0,0.2,0.0,1.0,0.0,1.0,0.2,0.0,2.0,1.0,1.0,2.0,4.0,0.4
49,0.0,0.0,0.0,1.0,1.0,0.1,0.1,0.0,0.2,1.0,0.2,1.0,1.0,2.0,0.1,0.2,1.0,0.2,0.2,0.0,1.0,0.1,1.0,0.1,0.2,0.1,0.0,3.0,0.1,1.0,1.0,5.0,0.2
50,1.0,1.0,0.1,0.0,1.0,0.2,0.2,2.0,0.1,1.0,1.0,0.2,0.1,0.2,0.2,0.0,0.1,1.0,0.1,0.1,1.0,0.2,0.2,0.0,0.2,1.0,0.0,3.0,0.0,1.0,3.0,3.0,0.4
51,0.2,0.1,0.2,1.0,0.2,0.1,0.1,0.1,1.0,0.0,0.0,0.1,1.0,1.0,2.0,1.0,1.0,0.2,0.2,1.0,0.1,0.0,0.0,0.0,0.2,1.0,0.1,0.2,0.0,2.0,2.0,6.0,0.1
52,1.0,1.0,1.0,0.1,1.0,0.1,0.1,2.0,0.0,0.2,0.1,0.1,0.2,1.0,0.1,1.0,0.1,1.0,0.0,1.0,0.1,0.2,0.2,0.1,0.2,0.0,0.1,2.0,0.1,0.1,4.0,4.0,0.4
53,0.1,1.0,0.2,1.0,0.0,0.1,0.1,0.1,0.1,0.1,0.0,1.0,0.1,1.0,1.0,2.0,0.2,0.2,0.1,0.0,0.2,0.1,1.0,0.1,1.0,1.0,0.2,1.0,1.0,1.0,3.0,4.0,0.4
54,0.1,2.0,1.0,2.0,1.0,0.1,0.0,0.2,0.1,0.0,0.2,0.2,0.1,0.0,0.0,1.0,0.2,0.1,0.1,1.0,0.0,1.0,1.0,0.1,0.2,0.2,0.0,3.0,0.0,0.2,3.0,4.0,0.2
55,0.1,1.0,1.0,0.2,0.1,0.1,1.0,0.0,0.2,0.1,0.2,0.1,0.0,0.1,0.0,1.0,1.0,0.0,0.0,1.0,0.0,0.0,0.2,1.0,0.2,1.0,2.0,0.2,0.2,4.0,2.0,4.0,0.4
56,1.0,1.0,1.0,0.1,0.2,0.2,1.0,0.2,0.2,2.0,1.0,0.0,0.2,0.1,0.2,2.0,0.2,0.1,0.0,0.2,0.2,0.2,0.2,1.0,0.1,0.0,0.1,1.0,0.2,0.1,3.0,6.0,0.4
57,0.2,0.2,0.2,0.0,1.0,0.0,0.0,1.0,1.0,0.2,0.0,0.0,0.2,1.0,0.0,2.0,1.0,1.0,0.0,0.2,0.1,1.0,0.1,0.2,0.1,0.1,1.0,2.0,0.2,2.0,4.0,2.0,0.1
58,1.0,0.0,0.2,1.0,2.0,0.0,0.0,0.0,1.0,0.1,0.0,0.0,0.1,0.2,1.0,0.1,0.1,1.0,0.0,0.2,0.0,0.2,1.0,0.2,1.0,1.0,0.0,4.0,1.0,1.0,2.0,2.0,0.2
59,1.0,0.2,0.1,0.1,0.1,0.0,0.0,0.2,0.1,3.0,1.0,0.0,0.0,1.0,1.0,0.2,1.0,0.2,0.0,1.0,0.1,0.0,0.1,0.2,0.0,0.2,1.0,1.0,0.2,2.0,0.2,7.0,0.1
60,0.0,0.1,1.0,0.2,0.0,0.2,1.0,0.1,0.1,1.0,0.0,0.2,0.1,2.0,0.0,1.0,1.0,0.2,0.0,2.0,0.1,0.0,0.2,0.1,0.1,0.0,1.0,0.1,0.0,2.0,2.0,6.0,0.4
61,0.0,0.2,0.0,0.1,1.0,0.1,1.0,1.0,0.2,0.0,1.0,0.0,2.0,0.1,0.0,1.0,0.2,1.0,0.1,1.0,0.2,0.2,1.0,0.1,0.0,0.0,0.0,2.0,0.0,0.0,4.0,4.0,0.2
62,0.0,0.2,0.2,0.1,0.1,0.1,0.0,0.2,1.0,0.1,1.0,1.0,0.0,0.0,0.0,2.0,1.0,1.0,0.1,0.2,0.1,0.2,1.0,0.1,0.1,1.0,1.0,1.0,0.2,3.0,3.0,3.0,0.4
63,1.0,1.0,0.2,0.1,0.1,0.1,0.2,0.1,1.0,0.0,1.0,0.1,0.0,0.2,0.1,1.0,1.0,1.0,1.0,1.0,0.2,0.1,0.1,1.0,0.1,0.0,0.2,1.0,0.2,1.0,2.0,6.0,0.4
64,1.0,0.0,0.2,1.0,0.2,0.1,0.0,0.2,0.1,0.1,1.0,1.0,1.0,0.2,1.0,1.0,0.2,0.0,0.1,0.0,1.0,0.0,2.0,0.0,0.1,0.1,0.2,4.0,0.1,0.2,2.0,4.0,0.3
65,0.1,0.1,0.0,0.1,0.1,0.0,0.0,2.0,0.0,0.2,0.2,2.0,1.0,0.0,1.0,0.2,0.2,0.0,1.0,0.0,2.0,0.0,0.2,0.2,1.0,0.0,0.2,2.0,1.0,0.0,2.0,5.0,0.2
66,1.0,0.2,0.0,1.0,0.1,0.0,1.0,0.0,1.0,0.2,0.1,0.0,1.0,1.0,0.2,0.0,2.0,0.1,0.2,1.0,0.2,0.1,0.2,0.1,0.0,1.0,0.2,1.0,0.0,3.0,2.0,4.0,0.4
67,0.2,0.2,1.0,0.0,1.0,0.0,0.0,0.1,0.2,2.0,0.1,0.1,1.0,0.2,0.2,1.0,1.0,0.0,0.2,1.0,0.1,1.0,1.0,0.0,0.0,0.0,0.2,3.0,0.2,1.0,1.0,5.0,0.2
68,0.1,1.0,1.0,1.0,0.0,0.0,0.0,0.1,0.1,1.0,0.2,0.0,0.0,0.2,1.0,1.0,1.0,1.0,0.0,1.0,0.0,0.0,0.1,0.2,0.0,0.0,1.0,0.2,0.1,2.0,3.0,5.0,0.1
69,2.0,1.0,0.1,0.0,0.1,0.1,0.2,1.0,0.2,0.2,0.2,0.2,0.2,1.0,1.0,0.1,1.0,0.2,0.2,0.2,0.1,2.0,0.2,1.0,0.1,0.1,0.2,4.0,0.2,1.0,1.0,4.0,0.3
70,0.1,1.0,0.2,0.2,0.1,0.1,1.0,0.0,0.2,0.0,0.2,1.0,0.1,0.1,0.1,1.0,0.0,1.0,0.1,1.0,0.1,2.0,2.0,0.1,0.2,0.2,0.0,4.0,0.0,0.0,3.0,3.0,0.1
71,1.0,2.0,0.2,0.2,1.0,0.0,0.1,0.2,0.1,0.1,0.1,0.2,1.0,0.2,0.2,0.0,0.1,0.0,2.0,0.1,0.2,0.1,0.1,1.0,1.0,1.0,0.2,2.0,1.0,1.0,0.0,6.0,0.1
72,1.0,0.2,0.2,2.0,0.0,0.1,0.2,0.1,0.2,0.0,1.0,0.1,0.0,0.2,0.1,0.0,0.1,0.0,1.0,1.0,1.0,0.2,2.0,1.0,0.2,0.0,0.2,4.0,0.1,0.1,2.0,4.0,0.1
73,0.0,0.2,1.0,0.0,1.0,0.0,0.1,0.0,1.0,0.1,0.0,1.0,0.1,0.2,1.0,0.0,1.0,1.0,0.0,0.1,1.0,1.0,0.2,0.2,0.0,1.0,0.0,3.0,0.0,2.0,1.0,4.0,0.1
74,1.0,1.0,0.2,1.0,1.0,0.0,1.0,1.0,0.0,0.1,0.0,1.0,0.0,0.0,1.0,1.0,0.1,0.2,0.2,0.0,0.0,0.0,0.0,0.0,0.0,1.0,0.1,2.0,0.1,1.0,4.0,3.0,0.2
75,0.1,0.1,0.1,1.0,0.2,0.0,0.2,0.0,1.0,0.1,0.2,0.1,0.1,1.0,0.2,1.0,1.0,1.0,0.1,0.0,0.2,1.0,1.0,1.0,1.0,0.0,0.1,2.0,1.0,1.0,3.0,3.0,0.2
76,1.0,0.0,1.0,1.0,0.0,0.0,0.1,0.2,0.2,2.0,0.2,1.0,0.1,1.0,1.0,0.1,0.2,0.2,0.0,0.2,0.1,0.2,0.0,1.0,0.2,0.1,1.0,1.0,0.1,1.0,1.0,7.0,0.3
77,1.0,0.1,2.0,0.2,1.0,0.1,1.0,0.2,0.0,0.2,0.2,1.0,0.0,0.1,1.0,1.0,0.2,2.0,0.2,0.1,0.1,0.1,0.0,0.2,0.1,0.1,0.2,2.0,0.1,0.1,4.0,4.0,0.2
78,0.1,1.0,1.0,1.0,0.1,0.0,0.2,0.2,0.1,1.0,1.0,0.0,0.1,1.0,0.2,0.2,0.0,1.0,1.0,0.0,0.0,0.0,1.0,0.0,0.2,0.2,1.0,1.0,0.2,1.0,2.0,6.0,0.4
79,0.1,0.0,0.0,0.1,0.2,0.2,0.0,0.0,1.0,2.0,0.1,0.2,0.0,1.0,1.0,3.0,1.0,0.0,0.0,0.0,0.2,0.0,1.0,0.2,0.2,0.0,0.2,1.0,0.2,1.0,3.0,5.0,0.2
80,0.1,1.0,1.0,2.0,0.1,0.2,0.1,0.1,0.2,1.0,0.2,0.0,0.1,0.0,1.0,1.0,0.2,0.1,0.2,0.1,0.1,1.0,2.0,0.1,0.1,0.1,0.2,3.0,0.0,0.2,3.0,4.0,0.3
81,0.0,0.1,0.1,1.0,0.0,0.0,1.0,0.2,0.1,0.0,0.0,0.1,1.0,0.1,1.0,1.0,0.0,0.2,0.2,0.2,0.2,2.0,1.0,1.0,0.0,0.1,1.0,3.0,0.1,1.0,3.0,3.0,0.3
82,0.2,1.0,0.0,0.0,0.0,0.0,2.0,0.1,0.1,0.1,0.2,0.1,0.2,0.0,1.0,1.0,0.0,1.0,0.2,1.0,0.0,0.2,0.0,0.1,0.2,1.0,2.0,0.0,0.0,3.0,4.0,3.0,0.3
83,1.0,1.0,0.2,0.1,1.0,0.0,0.1,0.2,0.2,1.0,1.0,0.0,0.1,0.0,0.0,0.2,0.0,0.1,1.0,1.0,1.0,0.1,1.0,1.0,0.2,0.0,0.2,4.0,0.1,0.0,0.1,6.0,0.2
84,0.1,0.0,0.0,0.2,0.1,0.2,1.0,0.2,0.0,0.1,2.0,1.0,0.2,0.1,0.2,2.0,0.1,1.0,0.1,0.1,0.0,0.1,0.0,0.2,0.0,2.0,1.0,0.2,0.1,3.0,4.0,3.0,0.3
85,0.0,1.0,1.0,0.2,1.0,0.0,0.0,0.0,1.0,0.2,0.0,0.1,0.1,2.0,0.2,0.1,0.2,0.1,0.2,0.1,0.0,3.0,0.0,1.0,0.2,0.1,0.0,4.0,0.2,0.0,0.2,6.0,0.2
86,0.2,0.1,1.0,0.2,0.2,0.0,0.2,0.0,0.2,0.1,0.2,1.0,1.0,0.0,2.0,0.2,1.0,0.0,0.0,0.1,0.1,2.0,1.0,0.2,1.0,0.0,0.1,3.0,1.0,1.0,0.1,5.0,0.2
87,1.0,0.2,0.2,1.0,1.0,0.0,0.2,0.0,0.1,1.0,1.0,2.0,0.1,0.0,0.2,2.0,0.2,0.0,0.2,1.0,0.0,0.1,0.2,0.0,0.0,0.0,0.2,2.0,0.2,0.2,3.0,5.0,0.1
88,1.0,0.0,0.1,0.1,0.2,0.1,0.1,0.1,1.0,1.0,1.0,0.1,0.0,0.0,1.0,0.2,0.2,0.0,0.1,0.0,1.0,1.0,0.0,0.2,1.0,1.0,1.0,3.0,1.0,2.0,0.1,4.0,0.1
89,0.2,1.0,1.0,1.0,0.2,0.2,0.2,0.1,0.1,0.1,0.1,1.0,0.2,1.0,1.0,1.0,0.1,0.2,1.0,0.1,0.2,0.2,1.0,0.1,1.0,0.0,0.2,1.0,1.0,0.2,2.0,6.0,0.1
90,0.2,0.2,0.1,0.1,0.0,0.0,2.0,0.2,0.2,0.2,1.0,0.1,2.0,2.0,0.2,0.1,0.0,0.1,1.0,0.0,1.0,0.0,0.1,0.1,1.0,0.0,0.2,1.0,1.0,0.1,2.0,6.0,0.4
91,0.1,1.0,0.0,1.0,0.0,0.0,0.1,0.0,0.1,0.0,1.0,2.0,0.0,0.1,0.0,0.0,0.1,0.2,1.0,0.0,0.0,0.1,0.2,0.0,1.0,1.0,2.0,0.2,1.0,3.0,1.0,5.0,0.1
92,0.0,0.0,1.0,0.2,0.1,0.1,1.0,0.1,0.1,0.1,0.0,0.0,1.0,0.0,1.0,0.2,1.0,0.2,2.0,2.0,1.0,0.0,0.2,0.0,0.0,0.1,0.0,1.0,0.2,1.0,1.0,7.0,0.4
93,1.0,1.0,0.1,0.0,0.0,0.1,2.0,0.2,0.0,0.2,0.0,0.0,0.1,0.1,1.0,0.0,0.2,1.0,0.0,1.0,1.0,0.2,1.0,0.0,0.1,0.2,1.0,3.0,0.2,1.0,3.0,3.0,0.1
94,2.0,0.1,1.0,0.1,1.0,0.1,0.0,0.0,0.1,0.0,0.0,0.0,0.0,0.2,0.2,0.1,0.1,0.0,0.0,0.1,0.0,2.0,2.0,0.0,0.0,1.0,1.0,7.0,0.2,2.0,0.2,1.0,0.2
95,0.1,2.0,0.1,1.0,0.2,0.0,0.2,0.1,0.1,0.0,1.0,0.0,1.0,0.2,0.2,1.0,1.0,0.2,0.0,0.2,1.0,0.0,0.0,0.1,1.0,0.0,1.0,1.0,1.0,2.0,2.0,4.0,0.2
96,0.0,0.0,0.0,0.0,0.0,0.1,0.2,1.0,0.1,0.0,0.1,1.0,0.1,0.2,1.0,1.0,0.0,0.1,0.1,1.0,1.0,0.0,1.0,0.1,0.2,1.0,2.0,2.0,0.2,3.0,2.0,3.0,0.2
97,0.1,1.0,0.2,0.2,1.0,0.0,0.1,1.0,0.2,0.2,1.0,0.1,0.1,0.0,0.1,0.0,0.1,0.0,1.0,1.0,1.0,0.1,1.0,1.0,0.2,0.2,1.0,3.0,0.0,1.0,1.0,5.0,0.4
98,1.0,0.1,0.0,0.1,0.1,0.1,1.0,0.2,1.0,0.2,1.0,0.2,0.0,1.0,0.0,0.0,0.1,0.1,1.0,2.0,0.2,0.0,1.0,0.2,1.0,0.2,0.0,2.0,1.0,0.1,1.0,6.0,0.3
99,1.0,0.0,0.1,2.0,0.0,0.1,1.0,0.0,0.2,0.2,0.2,0.2,0.1,0.0,1.0,0.2,1.0,1.0,0.2,0.1,0.1,0.2,0.1,2.0,0.2,0.0,1.0,1.0,0.2,2.0,4.0,3.0,0.3
100,2.0,0.2,0.0,1.0,0.1,0.0,0.1,0.2,0.2,1.0,1.0,1.0,0.1,1.0,1.0,0.2,0.2,0.2,0.2,1.0,0.2,0.0,1.0,0.2,0.0,0.2,0.0,3.0,0.1,0.0,1.0,6.0,0.4
101,0.2,1.0,1.0,1.0,1.0,0.0,1.0,1.0,0.0,0.2,0.2,0.2,0.2,0.2,0.0,0.0,0.0,0.0,0.1,0.2,1.0,1.0,0.0,0.0,1.0,1.0,0.2,3.0,1.0,1.0,3.0,2.0,0.4
102,0.1,0.2,1.0,1.0,1.0,0.2,2.0,0.0,1.0,0.2,0.1,1.0,0.1,0.0,0.0,0.1,0.1,0.0,1.0,0.2,0.0,0.2,1.0,0.0,0.0,1.0,0.1,2.0,0.2,1.0,3.0,4.0,0.1
103,0.2,0.2,0.0,1.0,0.2,0.1,0.2,0.0,0.2,1.0,0.2,2.0,0.2,0.1,0.1,1.0,0.0,0.2,1.0,1.0,1.0,0.2,0.0,0.2,0.2,0.0,2.0,1.0,0.0,2.0,2.0,5.0,0.4
104,0.2,0.2,1.0,0.0,0.1,0.0,0.2,0.0,0.1,2.0,0.1,0.1,1.0,0.0,0.1,1.0,0.2,1.0,0.0,1.0,1.0,1.0,0.2,0.0,0.0,1.0,0.1,2.0,0.2,1.0,2.0,5.0,0.2
105,1.0,0.2,1.0,0.1,0.2,0.1,0.0,1.0,0.0,0.2,0.2,1.0,0.2,0.2,0.2,2.0,0.1,0.0,0.2,0.0,2.0,0.0,1.0,0.2,0.1,0.1,1.0,4.0,0.0,1.0,3.0,2.0,0.4
106,0.2,1.0,0.2,0.2,1.0,0.2,0.2,0.1,0.2,0.0,0.1,0.0,0.0,0.0,1.0,1.0,1.0,1.0,1.0,1.0,0.1,0.1,1.0,0.0,0.0,1.0,0.0,2.0,0.1,2.0,2.0,4.0,0.4
107,1.0,0.0,1.0,1.0,0.2,0.0,0.2,0.2,1.0,0.0,0.2,0.2,1.0,1.0,1.0,0.2,0.1,1.0,1.0,0.0,1.0,0.0,0.0,0.0,0.0,0.2,0.1,2.0,0.0,0.1,2.0,6.0,0.3
108,0.1,0.2,0.1,3.0,0.1,0.1,0.2,0.2,2.0,0.1,0.1,0.2,0.0,0.0,0.2,0.2,0.1,1.0,1.0,0.2,0.2,0.2,0.0,1.0,1.0,1.0,0.1,0.2,1.0,1.0,4.0,4.0,0.1
109,1.0,1.0,0.1,0.0,0.1,0.0,0.1,2.0,1.0,0.2,0.0,0.1,0.1,0.1,0.2,0.1,2.0,2.0,0.1,0.0,1.0,0.0,0.0,0.1,0.1,0.2,0.0,2.0,0.1,2.0,4.0,2.0,0.2
110,0.0,0.1,1.0,0.0,0.0,1.0,0.0,1.0,0.0,1.0,0.0,0.0,1.0,0.1,0.1,0.2,0.0,0.1,0.1,0.0,1.0,2.0,1.0,0.0,0.0,0.1,1.0,4.0,0.0,1.0,1.0,4.0,0.4
111,0.1,0.2,0.1,0.1,3.0,0.1,0.2,0.1,2.0,0.2,0.2,1.0,0.1,0.0,1.0,0.2,1.0,0.1,0.2,0.0,0.1,0.1,0.1,0.2,1.0,1.0,0.2,3.0,1.0,2.0,0.1,4.0,0.2
112,1.0,1.0,1.0,0.0,0.1,0.1,2.0,0.2,0.1,0.1,0.0,0.0,1.0,0.0,0.2,0.0,0.0,0.2,0.0,0.1,0.0,1.0,2.0,0.0,0.1,0.2,1.0,4.0,0.2,1.0,2.0,3.0,0.1
113,1.0,0.2,0.0,1.0,0.1,0.0,1.0,1.0,1.0,0.0,1.0,0.1,0.0,0.0,0.1,0.0,1.0,0.1,0.1,1.0,0.0,1.0,1.0,0.0,0.2,0.1,0.1,3.0,0.1,1.0,3.0,3.0,0.2
114,0.1,0.2,0.0,0.1,1.0,0.1,1.0,0.2,1.0,1.0,0.1,2.0,0.1,0.1,0.0,0.2,0.0,0.0,0.0,0.1,0.2,0.2,0.1,0.2,1.0,2.0,1.0,1.0,1.0,3.0,1.0,4.0,0.2
115,0.0,0.1,0.2,1.0,1.0,0.2,0.2,0.2,0.2,0.0,0.0,1.0,0.0,1.0,0.1,2.0,0.0,0.0,1.0,0.0,0.2,0.0,2.0,0.1,0.0,0.1,1.0,3.0,0.0,1.0,3.0,3.0,0.3
116,0.2,1.0,0.2,0.1,0.2,0.2,1.0,0.1,0.0,0.2,1.0,1.0,0.2,0.1,0.1,0.1,0.2,0.0,0.2,0.0,1.0,2.0,2.0,0.0,0.0,1.0,0.2,5.0,0.2,1.0,1.0,3.0,0.2
117,1.0,0.0,0.2,1.0,1.0,0.1,1.0,0.0,1.0,1.0,0.0,1.0,1.0,0.1,0.1,0.2,0.1,1.0,0.0,1.0,0.1,0.1,0.0,0.2,0.1,0.1,0.1,2.0,0.2,0.2,3.0,5.0,0.1
118,0.2,0.1,0.2,0.1,0.2,0.2,1.0,0.1,0.0,2.0,0.1,0.2,1.0,0.2,0.1,0.2,1.0,1.0,1.0,0.1,1.0,1.0,0.1,0.1,0.2,0.0,1.0,2.0,0.1,2.0,2.0,4.0,0.4
119,0.1,1.0,0.2,1.0,0.2,0.1,1.0,2.0,0.0,0.2,1.0,0.2,0.2,0.0,0.0,1.0,0.2,1.0,0.1,0.0,0.1,0.0,0.0,1.0,0.2,0.0,1.0,0.2,0.0,1.0,6.0,3.0,0.4
120,0.2,0.0,0.1,0.2,1.0,0.1,0.1,0.2,1.0,1.0,0.2,1.0,1.0,1.0,0.1,0.1,0.1,1.0,0.2,1.0,1.0,0.2,0.1,0.2,0.0,0.2,1.0,2.0,0.2,1.0,1.0,6.0,0.4
121,1.0,0.1,0.2,0.0,0.0,0.1,0.0,0.1,0.0,1.0,0.0,0.1,2.0,1.0,0.0,2.0,0.2,0.1,1.0,0.0,0.1,0.2,0.1,0.2,2.0,0.2,0.2,1.0,2.0,0.2,2.0,5.0,0.1
122,0.2,0.2,0.2,0.0,3.0,0.2,0.0,1.0,1.0,0.1,1.0,1.0,0.2,0.0,0.1,1.0,0.0,0.1,0.2,1.0,0.2,0.2,0.1,0.1,1.0,0.0,0.2,3.0,1.0,0.1,2.0,4.0,0.4
123,0.0,0.1,2.0,0.2,0.0,0.0,0.0,0.1,0.1,0.0,1.0,1.0,0.1,0.0,0.1,1.0,0.2,0.0,0.2,0.2,1.0,0.0,0.1,0.2,0.2,0.2,4.0,1.0,0.0,4.0,1.0,4.0,0.3
124,1.0,1.0,1.0,1.0,0.2,0.1,0.0,0.2,2.0,0.1,0.0,0.2,1.0,0.2,0.2,0.1,0.0,0.0,0.0,0.0,2.0,0.2,1.0,0.0,0.0,0.0,0.0,4.0,0.0,0.1,1.0,5.0,0.4
125,0.1,2.0,0.0,0.2,0.0,0.2,0.0,1.0,1.0,0.2,0.0,0.0,0.2,2.0,0.1,0.0,0.0,1.0,0.1,0.1,1.0,1.0,0.1,0.1,1.0,0.1,0.1,2.0,1.0,0.0,2.0,5.0,0.2
126,0.0,1.0,2.0,1.0,1.0,0.2,0.2,0.1,0.0,0.2,1.0,0.1,0.2,0.0,0.1,1.0,0.1,0.1,0.1,0.2,0.2,1.0,1.0,1.0,0.1,0.1,0.1,3.0,0.0,0.0,2.0,5.0,0.2
127,0.0,0.1,0.0,0.2,1.0,0.0,1.0,1.0,4.0,0.1,0.0,0.1,0.0,0.2,0.2,0.1,1.0,0.0,0.0,0.2,0.0,0.2,0.0,1.0,0.2,0.1,1.0,1.0,0.0,2.0,2.0,5.0,0.4
128,0.0,1.0,0.1,0.1,1.0,0.2,1.0,0.0,2.0,0.2,1.0,0.1,0.0,0.0,0.2,0.0,0.2,0.1,1.0,0.1,0.0,0.1,2.0,0.2,0.2,1.0,0.0,3.0,0.1,1.0,1.0,5.0,0.1
129,1.0,0.1,1.0,1.0,1.0,0.2,1.0,0.0,0.0,0.1,0.2,0.0,0.1,1.0,0.2,2.0,0.2,0.2,0.1,1.0,0.1,0.1,0.1,0.2,1.0,0.1,0.1,2.0,1.0,0.1,4.0,3.0,0.4
130,1.0,0.2,1.0,1.0,0.2,0.2,1.0,1.0,0.1,2.0,0.1,0.2,0.1,0.1,1.0,0.2,0.0,0.2,0.2,0.2,0.0,0.0,0.0,0.0,1.0,0.0,1.0,1.0,1.0,1.0,3.0,4.0,0.3
131,0.2,0.1,1.0,1.0,0.0,0.2,0.0,0.2,1.0,0.2,0.1,0.1,1.0,0.0,0.2,0.1,1.0,1.0,1.0,0.1,0.2,0.2,1.0,0.0,2.0,0.2,0.0,1.0,2.0,1.0,2.0,4.0,0.1
132,0.0,1.0,2.0,0.0,1.0,0.1,0.1,0.2,1.0,0.2,0.2,1.0,0.1,1.0,0.2,1.0,0.2,1.0,0.0,0.0,0.0,0.1,0.0,0.1,0.1,1.0,0.0,1.0,0.1,1.0,2.0,6.0,0.1
133,1.0,0.2,0.2,0.2,0.1,0.1,2.0,0.1,0.2,0.2,0.2,0.1,0.1,0.1,1.0,0.1,2.0,0.2,1.0,0.1,1.0,0.1,0.0,0.1,1.0,1.0,0.0,2.0,1.0,3.0,2.0,2.0,0.3
134,0.2,0.0,0.1,0.1,2.0,0.2,0.0,1.0,0.0,1.0,0.1,0.2,0.1,1.0,1.0,0.2,0.2,0.2,0.1,0.2,0.0,1.0,0.2,0.2,2.0,0.0,1.0,3.0,2.0,1.0,1.0,3.0,0.4
135,0.0,1.0,0.1,0.2,0.1,0.0,0.1,0.1,2.0,0.0,0.2,0.1,0.2,0.1,1.0,0.2,0.2,0.2,1.0,0.0,1.0,1.0,2.0,0.1,0.2,1.0,0.0,4.0,0.0,1.0,0.0,5.0,0.1
136,0.2,0.1,0.1,1.0,1.0,0.0,0.2,1.0,0.1,2.0,0.0,1.0,0.0,2.0,0.0,0.2,0.2,0.0,0.2,0.0,1.0,0.1,0.2,0.1,0.1,1.0,0.2,2.0,0.1,1.0,2.0,5.0,0.1
137,1.0,0.0,0.2,0.1,1.0,1.0,0.1,0.1,0.1,1.0,0.0,0.2,0.0,1.0,0.0,1.0,0.0,1.0,1.0,0.1,0.1,0.0,0.0,1.0,0.2,0.0,1.0,2.0,0.2,1.0,2.0,5.0,0.3
138,0.2,0.2,1.0,1.0,0.0,0.2,0.1,0.1,1.0,2.0,0.0,1.0,0.2,1.0,0.2,2.0,1.0,0.0,0.0,0.0,0.1,0.2,0.1,0.1,0.1,0.0,0.0,0.2,0.0,1.0,3.0,6.0,0.3
139,1.0,1.0,1.0,0.1,0.2,0.1,1.0,0.1,0.2,0.2,0.0,0.0,0.1,0.2,0.1,0.0,2.0,1.0,0.0,0.1,1.0,0.1,0.2,0.0,0.2,2.0,0.0,2.0,0.0,4.0,2.0,2.0,0.1
140,0.1,0.1,0.1,0.2,1.0,0.2,0.1,0.1,1.0,1.0,0.0,0.1,0.0,1.0,0.1,0.1,1.0,2.0,0.1,0.2,0.1,1.0,0.2,0.2,1.0,0.1,1.0,2.0,1.0,2.0,2.0,3.0,0.3
141,1.0,0.0,0.0,1.0,1.0,0.2,0.2,0.2,0.1,0.2,0.1,0.1,1.0,0.1,2.0,0.2,0.2,0.1,1.0,1.0,1.0,0.2,0.0,0.2,0.1,0.0,1.0,3.0,0.2,1.0,1.0,5.0,0.2
142,0.2,0.1,1.0,1.0,0.1,0.2,0.2,0.2,0.0,0.2,1.0,0.0,1.0,0.2,0.2,1.0,3.0,0.0,1.0,0.2,1.0,0.1,0.0,0.1,0.0,0.2,0.1,1.0,0.0,3.0,2.0,4.0,0.4
143,0.1,1.0,0.2,0.1,0.0,0.2,0.0,1.0,0.2,1.0,1.0,0.1,0.2,1.0,2.0,0.0,0.0,0.2,0.1,0.1,1.0,0.0,0.0,0.1,1.0,0.2,1.0,1.0,1.0,1.0,1.0,6.0,0.1
144,2.0,1.0,0.0,0.0,1.0,1.0,0.1,1.0,0.1,0.0,0.0,0.2,1.0,0.0,0.1,0.2,0.1,0.2,0.1,1.0,0.0,0.2,0.2,1.0,1.0,0.2,0.0,3.0,1.0,0.0,1.0,5.0,0.3
145,0.0,1.0,0.1,0.2,0.2,0.0,2.0,1.0,1.0,1.0,0.2,1.0,0.2,0.2,0.0,1.0,0.0,0.1,0.2,1.0,1.0,0.0,0.2,0.0,0.1,0.1,0.1,1.0,0.0,0.1,4.0,5.0,0.1
146,0.2,0.0,0.0,0.0,1.0,0.0,0.2,0.2,1.0,1.0,0.2,1.0,0.2,0.0,0.1,2.0,0.2,1.0,0.0,0.0,0.0,0.1,1.0,1.0,0.0,1.0,0.2,2.0,0.0,1.0,3.0,4.0,0.4
147,1.0,1.0,0.2,0.2,0.2,0.0,1.0,0.0,0.0,0.2,0.0,0.2,0.0,0.1,0.2,3.0,0.1,0.1,0.1,2.0,0.2,0.2,0.1,0.0,2.0,0.2,0.1,1.0,2.0,0.2,4.0,3.0,0.4
148,0.0,0.1,1.0,0.0,1.0,0.1,0.2,0.0,0.2,1.0,0.2,0.2,0.1,0.1,1.0,0.2,1.0,1.0,0.2,0.0,0.1,0.2,1.0,0.1,1.0,0.1,2.0,2.0,1.0,3.0,1.0,3.0,0.1
149,1.0,1.0,2.0,0.0,0.1,0.1,0.2,0.0,0.1,0.2,1.0,0.1,1.0,0.0,0.1,0.1,0.2,2.0,0.1,0.1,0.0,0.2,0.0,1.0,0.2,1.0,0.2,1.0,0.0,1.0,2.0,6.0,0.2
150,0.2,1.0,1.0,0.2,1.0,0.0,0.2,1.0,1.0,1.0,0.2,0.1,0.2,0.1,0.0,0.1,1.0,1.0,0.1,1.0,0.2,0.2,0.1,0.2,0.2,0.0,1.0,1.0,0.1,2.0,2.0,5.0,0.1
151,0.0,0.2,2.0,1.0,0.2,0.1,1.0,0.0,0.2,1.0,0.2,0.0,1.0,0.0,0.1,0.0,1.0,0.2,0.2,0.2,0.2,1.0,1.0,0.0,1.0,0.0,0.0,2.0,1.0,1.0,2.0,4.0,0.4
152,0.1,0.1,0.2,1.0,1.0,0.2,0.1,1.0,0.1,0.0,2.0,0.0,0.2,0.0,0.2,0.0,3.0,1.0,0.1,0.0,0.0,1.0,0.0,0.0,0.1,0.1,0.1,2.0,0.0,3.0,3.0,2.0,0.2
153,0.1,0.1,0.0,1.0,0.0,0.0,1.0,0.0,0.1,0.1,0.0,0.0,1.0,0.2,1.0,1.0,0.2,1.0,1.0,2.0,0.0,0.1,0.2,0.1,0.0,1.0,0.0,0.2,0.0,1.0,4.0,5.0,0.4
154,0.1,0.2,0.0,0.1,2.0,0.0,0.2,0.2,1.0,0.1,1.0,1.0,1.0,0.1,0.0,0.0,1.0,0.2,0.0,1.0,1.0,0.0,0.2,0.0,0.1,1.0,0.1,3.0,0.1,2.0,0.0,5.0,0.3
155,0.2,0.0,2.0,0.1,0.2,0.2,0.0,1.0,0.2,0.0,1.0,1.0,0.2,2.0,0.0,0.1,0.2,0.2,0.2,0.2,0.1,0.2,0.1,1.0,0.1,0.2,2.0,0.2,0.2,2.0,1.0,7.0,0.4
156,0.2,1.0,1.0,0.1,1.0,0.2,0.0,0.0,0.2,0.2,0.1,1.0,0.2,0.1,0.2,0.2,0.1,1.0,1.0,1.0,0.1,0.0,1.0,0.1,0.1,1.0,1.0,2.0,0.1,2.0,1.0,5.0,0.1
157,0.1,1.0,0.0,0.1,0.2,0.0,0.1,0.1,0.0,0.0,1.0,0.0,0.0,0.1,1.0,1.0,0.0,1.0,0.2,0.0,0.1,0.1,2.0,0.2,0.0,2.0,1.0,2.0,0.1,3.0,2.0,3.0,0.3
158,0.2,0.1,1.0,0.2,0.2,0.0,0.0,0.0,0.0,1.0,1.0,1.0,0.1,0.0,0.1,0.2,0.0,2.0,0.0,0.0,0.1,0.2,0.1,1.0,1.0,1.0,1.0,0.2,1.0,2.0,2.0,5.0,0.3
159,0.2,1.0,0.1,0.0,0.0,0.1,2.0,2.0,1.0,0.0,0.2,1.0,0.1,0.0,1.0,0.0,0.1,0.2,0.0,0.0,0.1,1.0,0.2,0.1,0.1,1.0,0.0,1.0,0.0,1.0,4.0,4.0,0.3
160,0.0,1.0,0.2,0.2,1.0,0.2,1.0,1.0,0.1,1.0,0.0,0.0,2.0,0.2,1.0,0.1,0.2,0.2,0.2,0.2,0.0,1.0,0.1,0.1,0.1,0.0,1.0,2.0,0.2,1.0,2.0,5.0,0.2
161,0.1,0.0,0.1,0.2,1.0,0.1,0.1,0.2,2.0,2.0,0.1,0.0,0.2,0.0,0.2,1.0,1.0,1.0,0.0,1.0,0.0,1.0,0.0,0.1,0.0,0.2,0.1,2.0,0.2,1.0,2.0,5.0,0.4
162,0.2,0.1,1.0,0.1,2.0,0.2,0.2,0.2,0.1,1.0,1.0,1.0,0.2,0.0,0.2,0.2,0.2,1.0,1.0,0.2,0.0,0.1,0.0,0.0,1.0,1.0,0.2,2.0,1.0,1.0,1.0,5.0,0.1
163,0.0,1.0,0.1,0.1,0.1,0.2,0.1,0.2,0.1,0.0,1.0,0.1,1.0,0.2,1.0,1.0,0.1,2.0,1.0,0.2,0.2,1.0,0.2,0.0,0.2,1.0,0.2,1.0,0.0,1.0,3.0,5.0,0.3
164,1.0,1.0,0.2,3.0,0.1,0.1,1.0,0.2,0.0,0.0,0.1,1.0,0.1,0.0,1.0,0.2,0.2,0.2,0.1,0.1,0.2,0.1,0.1,0.2,1.0,1.0,0.0,1.0,1.0,1.0,4.0,3.0,0.3
165,0.0,1.0,0.0,1.0,0.2,0.1,2.0,0.1,0.2,0.2,0.2,1.0,0.2,1.0,0.1,0.0,0.2,0.1,0.2,0.0,2.0,0.0,1.0,0.1,1.0,0.1,0.0,3.0,1.0,0.0,3.0,3.0,0.2
166,0.1,1.0,0.2,0.1,0.2,0.1,0.0,1.0,0.1,0.1,0.1,0.2,0.1,1.0,0.2,0.1,2.0,1.0,0.0,1.0,0.1,1.0,0.2,0.0,0.1,1.0,1.0,1.0,0.2,4.0,2.0,3.0,0.4
167,0.1,0.0,2.0,2.0,0.1,0.1,0.2,2.0,2.0,0.1,0.0,0.2,0.2,0.0,0.2,0.1,1.0,0.0,0.0,1.0,0.0,0.2,0.2,0.2,0.2,0.0,0.1,0.0,0.0,1.0,4.0,5.0,0.4
168,2.0,1.0,1.0,0.1,1.0,0.0,0.0,0.1,0.2,0.0,0.0,0.1,0.1,0.2,1.0,0.1,0.2,1.0,0.2,0.0,2.0,0.1,0.1,0.0,0.1,1.0,0.2,5.0,0.2,1.0,1.0,3.0,0.1
169,0.1,0.1,1.0,0.0,0.1,0.2,0.2,1.0,2.0,0.1,1.0,0.1,0.0,0.1,0.2,1.0,1.0,0.2,1.0,0.2,1.0,0.0,0.0,0.1,0.1,0.1,1.0,1.0,0.0,2.0,2.0,5.0,0.3
170,1.0,0.0,0.0,0.0,1.0,0.1,0.0,1.0,0.2,0.1,0.1,1.0,1.0,0.2,1.0,0.1,0.1,2.0,0.1,0.1,0.1,0.2,1.0,0.2,1.0,0.1,0.2,3.0,1.0,0.1,3.0,3.0,0.1
171,0.0,0.0,0.2,1.0,0.0,0.1,0.2,0.0,0.2,0.1,1.0,1.0,0.1,1.0,1.0,0.0,1.0,1.0,0.0,0.0,0.2,1.0,0.1,0.1,1.0,1.0,0.2,1.0,1.0,2.0,2.0,4.0,0.2
172,1.0,0.0,0.2,0.0,0.2,0.0,0.0,0.0,1.0,0.1,0.0,0.2,0.1,1.0,2.0,1.0,1.0,0.0,2.0,0.1,0.1,0.1,0.0,0.2,1.0,0.1,0.0,1.0,1.0,1.0,1.0,6.0,0.1
173,0.0,0.0,0.0,0.0,0.2,0.1,1.0,1.0,0.0,0.1,0.1,0.0,1.0,1.0,0.0,0.2,0.0,0.0,1.0,0.2,1.0,0.0,0.0,1.0,0.0,1.0,2.0,1.0,0.2,3.0,2.0,4.0,0.3
174,0.2,0.1,1.0,0.0,1.0,0.0,0.2,1.0,0.0,0.2,0.1,1.0,0.1,0.0,0.2,1.0,1.0,1.0,0.1,2.0,1.0,0.1,0.0,0.2,0.2,0.1,0.0,2.0,0.1,1.0,3.0,4.0,0.4
175,0.1,0.1,0.0,0.1,0.1,0.1,0.0,0.1,0.2,0.0,1.0,0.1,0.1,1.0,0.2,0.0,0.0,1.0,0.0,0.2,0.0,1.0,2.0,0.0,1.0,2.0,1.0,3.0,1.0,3.0,1.0,2.0,0.2
176,0.0,2.0,0.1,1.0,0.1,0.2,0.0,0.1,0.0,1.0,0.0,0.0,0.2,0.1,0.0,0.2,0.2,0.2,0.0,1.0,2.0,0.2,0.0,1.0,1.0,0.1,1.0,2.0,1.0,1.0,1.0,5.0,0.2
177,0.2,0.2,1.0,0.0,0.1,0.2,0.1,1.0,0.0,2.0,1.0,2.0,2.0,0.2,0.0,0.0,0.1,0.2,0.1,1.0,0.0,0.1,0.1,0.0,0.1,0.2,0.1,0.2,0.2,0.1,1.0,9.0,0.1
178,0.2,1.0,1.0,0.1,1.0,0.1,1.0,0.2,0.1,0.1,0.2,0.1,1.0,0.2,0.1,0.1,0.2,1.0,0.2,0.1,1.0,0.2,0.2,1.0,0.0,1.0,1.0,2.0,0.2,2.0,2.0,4.0,0.1
179,0.2,0.0,1.0,0.1,0.2,0.1,2.0,1.0,0.0,0.1,0.1,2.0,1.0,0.2,0.2,0.2,0.0,2.0,0.0,0.0,0.2,0.0,0.0,1.0,0.2,0.0,0.2,0.0,0.1,0.2,5.0,5.0,0.4
180,2.0,0.2,0.2,0.0,0.1,0.1,0.0,1.0,1.0,0.0,1.0,0.0,0.0,0.2,0.1,0.2,0.0,0.0,1.0,0.2,0.0,0.0,1.0,0.2,1.0,0.1,2.0,3.0,1.0,2.0,1.0,3.0,0.4
181,1.0,1.0,0.0,1.0,0.2,0.1,1.0,1.0,0.0,1.0,0.1,1.0,0.0,0.1,0.1,0.0,0.0,3.0,0.1,0.2,0.1,0.0,0.2,0.1,0.1,0.0,0.1,1.0,0.1,0.2,6.0,3.0,0.4
182,0.2,0.2,0.2,1.0,0.1,0.1,0.1,2.0,2.0,0.2,1.0,0.0,1.0,0.0,1.0,0.1,0.2,2.0,0.1,0.2,0.0,0.1,0.2,0.2,0.1,0.1,0.1,0.2,0.0,0.1,5.0,5.0,0.4
183,0.1,0.0,0.2,0.0,0.1,0.1,1.0,0.1,0.2,0.1,0.0,1.0,1.0,0.0,0.1,0.0,1.0,0.0,0.1,0.1,1.0,0.2,1.0,1.0,0.2,0.1,3.0,2.0,0.2,4.0,1.0,3.0,0.2
184,0.0,0.2,1.0,0.1,1.0,0.1,0.1,1.0,1.0,0.2,0.2,0.1,0.1,1.0,0.2,0.2,1.0,0.2,2.0,1.0,0.2,1.0,0.1,0.1,0.0,0.0,0.1,2.0,0.2,1.0,1.0,6.0,0.1
185,0.0,1.0,1.0,0.2,1.0,0.0,0.0,1.0,0.2,1.0,0.0,0.2,0.0,0.2,0.2,1.0,0.0,1.0,1.0,0.0,0.2,0.1,0.1,0.1,1.0,1.0,0.1,1.0,1.0,1.0,3.0,4.0,0.4
186,2.0,0.1,0.2,0.1,2.0,0.0,0.2,0.0,0.2,0.2,1.0,0.1,0.2,0.1,0.2,0.2,0.1,1.0,0.2,1.0,0.2,0.2,2.0,0.0,0.2,1.0,0.1,6.0,0.1,1.0,1.0,2.0,0.3
187,0.1,0.1,0.1,0.1,0.1,0.1,1.0,1.0,0.0,0.2,1.0,0.1,0.0,0.0,0.1,0.0,2.0,2.0,0.1,0.1,0.2,0.2,0.1,0.1,1.0,1.0,1.0,0.0,1.0,4.0,4.0,1.0,0.2
188,0.1,2.0,0.0,0.0,0.2,0.1,1.0,0.0,1.0,0.1,1.0,1.0,0.0,0.1,0.0,0.0,1.0,0.1,0.1,0.0,0.0,0.0,0.0,0.1,0.0,2.0,1.0,0.1,0.2,4.0,1.0,5.0,0.1
189,0.2,0.0,1.0,0.2,1.0,0.2,0.1,1.0,1.0,0.1,0.2,0.1,0.0,1.0,1.0,0.1,0.1,0.2,1.0,0.0,1.0,0.1,1.0,0.2,0.1,0.1,1.0,3.0,0.1,1.0,1.0,5.0,0.4
190,0.2,2.0,0.2,1.0,0.0,0.2,1.0,0.1,1.0,0.1,0.1,0.2,0.2,0.1,0.0,0.2,0.2,1.0,2.0,0.0,0.2,0.1,1.0,0.2,0.1,1.0,0.0,1.0,0.2,1.0,3.0,5.0,0.4
191,0.0,0.0,0.2,0.1,0.0,0.2,0.2,0.1,2.0,0.2,0.2,1.0,0.1,0.0,1.0,0.1,1.0,1.0,0.1,0.1,1.0,0.1,2.0,0.0,0.1,0.2,1.0,3.0,0.1,2.0,1.0,4.0,0.3
192,0.2,0.0,0.2,0.0,0.0,0.2,1.0,0.1,1.0,1.0,1.0,2.0,0.0,1.0,1.0,1.0,0.1,0.0,0.2,1.0,0.2,0.2,0.2,0.0,0.1,0.2,0.0,0.2,0.0,0.1,2.0,8.0,0.3
193,0.2,1.0,0.1,0.1,1.0,0.1,0.1,1.0,0.2,0.0,0.1,0.0,1.0,0.0,0.0,0.0,0.2,0.2,1.0,0.1,2.0,0.2,0.2,1.0,1.0,0.1,1.0,3.0,1.0,1.0,1.0,4.0,0.1
194,0.2,1.0,0.2,0.0,1.0,0.0,1.0,0.2,0.2,2.0,1.0,0.0,1.0,0.0,0.1,0.2,0.0,0.0,1.0,0.1,0.2,0.0,0.2,0.0,2.0,0.1,0.2,1.0,2.0,0.2,1.0,6.0,0.4
195,0.1,0.0,0.0,1.0,0.0,0.0,2.0,0.1,0.1,0.2,2.0,0.1,1.0,1.0,0.1,0.0,0.0,1.0,0.0,0.0,0.0,0.2,0.2,0.2,0.2,2.0,0.0,0.2,0.2,2.0,4.0,4.0,0.4
196,0.2,0.0,1.0,0.0,0.1,0.0,1.0,0.2,1.0,0.0,0.2,1.0,0.2,0.1,0.0,1.0,0.2,2.0,1.0,0.2,0.0,0.1,1.0,0.2,1.0,0.1,0.0,1.0,1.0,0.0,4.0,4.0,0.1
197,1.0,0.2,0.2,1.0,0.0,0.2,0.2,0.2,0.0,0.2,0.1,1.0,0.2,1.0,2.0,0.2,0.0,1.0,0.1,1.0,1.0,0.1,0.1,0.1,1.0,0.1,0.0,2.0,1.0,0.2,2.0,5.0,0.4
198,0.0,1.0,0.1,2.0,0.0,0.2,0.1,0.1,0.1,0.1,1.0,2.0,1.0,0.1,0.0,0.0,0.0,0.2,1.0,0.2,0.2,0.2,0.1,0.1,0.1,0.0,2.0,0.2,0.2,2.0,2.0,6.0,0.2
199,0.0,0.2,0.2,1.0,0.1,0.2,0.2,1.0,0.2,1.0,0.1,0.2,1.0,0.1,2.0,0.2,1.0,0.1,0.0,0.0,0.1,0.2,0.1,1.0,1.0,0.0,1.0,0.0,1.0,2.0,2.0,5.0,0.3
200,1.0,1.0,0.2,0.1,0.2,0.0,0.0,1.0,0.0,1.0,0.1,0.2,1.0,0.1,0.1,0.0,0.2,0.0,1.0,0.0,0.0,2.0,1.0,0.0,0.1,1.0,0.1,4.0,0.1,1.0,1.0,4.0,0.4
201,0.1,0.1,1.0,1.0,0.1,1.0,0.1,0.1,0.0,0.1,0.2,0.1,0.0,1.0,1.0,0.2,0.2,1.0,1.0,1.0,0.1,0.0,1.0,0.0,0.0,0.2,1.0,1.0,0.0,1.0,2.0,6.0,0.3
202,1.0,0.0,0.0,0.1,2.0,0.2,0.0,1.0,0.0,0.1,0.0,0.0,1.0,0.0,0.0,1.0,0.2,0.1,0.0,0.1,2.0,1.0,0.0,0.2,0.2,1.0,0.0,6.0,0.0,1.0,2.0,1.0,0.4
203,0.1,1.0,0.1,0.2,2.0,0.2,1.0,0.0,1.0,0.2,0.2,0.0,0.2,2.0,0.0,1.0,0.0,0.0,0.1,0.0,0.1,0.2,1.0,0.0,0.2,0.1,1.0,3.0,0.1,1.0,2.0,4.0,0.2
204,1.0,1.0,0.0,0.2,0.1,0.0,1.0,0.1,0.1,0.2,0.1,0.2,0.1,0.2,0.1,0.2,3.0,0.1,2.0,1.0,0.0,0.2,0.0,0.0,0.2,1.0,0.0,1.0,0.0,4.0,1.0,4.0,0.1
205,0.1,0.2,1.0,2.0,0.1,0.0,1.0,0.1,0.2,0.0,0.1,1.0,0.2,0.2,0.2,1.0,1.0,0.0,0.2,0.1,0.1,0.1,0.0,0.2,2.0,0.0,1.0,0.1,2.0,2.0,4.0,2.0,0.4
206,0.2,0.0,0.1,2.0,1.0,0.0,0.0,1.0,0.1,0.2,0.2,0.2,0.1,0.0,0.1,1.0,0.2,1.0,0.0,0.0,0.2,1.0,0.1,0.2,0.1,1.0,2.0,2.0,0.0,3.0,5.0,0.0,0.1
207,2.0,0.1,1.0,1.0,1.0,0.1,1.0,0.2,0.2,0.2,0.0,0.1,0.2,2.0,1.0,0.0,1.0,0.0,0.2,0.2,0.0,0.1,0.1,0.0,0.1,0.1,0.2,3.0,0.2,1.0,2.0,4.0,0.1
208,1.0,0.2,1.0,2.0,0.2,0.0,0.0,1.0,2.0,0.2,0.1,0.1,1.0,0.2,0.1,1.0,0.1,0.2,0.2,1.0,0.2,0.2,0.2,0.1,0.0,0.2,0.2,1.0,0.1,0.1,4.0,5.0,0.3
209,1.0,0.1,1.0,0.2,0.1,0.2,0.0,1.0,0.2,0.2,0.0,0.0,0.0,2.0,0.0,1.0,0.2,0.0,1.0,2.0,0.1,0.1,0.1,0.1,1.0,0.0,0.1,1.0,1.0,0.0,2.0,6.0,0.2
210,2.0,0.2,1.0,0.1,1.0,0.2,1.0,0.2,1.0,0.1,0.1,0.1,0.2,1.0,0.0,0.1,0.2,0.2,0.1,0.1,0.0,0.2,1.0,0.2,0.2,1.0,1.0,4.0,0.2,2.0,1.0,3.0,0.3
211,0.0,1.0,0.2,0.0,0.2,0.2,1.0,1.0,0.2,1.0,1.0,0.0,0.2,0.2,0.0,0.0,0.0,1.0,0.2,0.0,0.0,1.0,2.0,0.0,0.1,0.2,1.0,3.0,0.2,1.0,3.0,3.0,0.3
212,0.2,1.0,0.1,1.0,0.2,0.0,0.1,0.0,0.0,1.0,0.2,1.0,0.1,2.0,0.1,0.1,2.0,0.0,0.0,0.2,0.2,1.0,0.2,0.2,0.1,1.0,0.2,1.0,0.2,3.0,1.0,5.0,0.2
213,0.1,0.1,0.1,0.2,0.2,0.0,0.1,1.0,1.0,0.2,1.0,1.0,0.2,0.0,2.0,0.2,0.0,0.1,1.0,1.0,0.1,0.1,0.0,0.0,1.0,0.2,1.0,0.2,1.0,1.0,1.0,7.0,0.4
214,0.1,0.0,0.2,0.1,1.0,0.1,0.2,0.1,0.0,0.2,3.0,1.0,1.0,0.2,1.0,0.2,0.2,0.2,1.0,0.2,1.0,1.0,0.1,0.2,0.2,0.2,0.0,3.0,0.2,0.0,0.1,7.0,0.2
215,0.2,1.0,0.0,1.0,3.0,0.2,0.0,0.2,0.2,1.0,0.1,0.0,1.0,1.0,0.1,0.0,0.2,0.2,0.2,1.0,0.2,0.1,0.1,0.1,0.2,0.0,1.0,3.0,0.2,1.0,1.0,5.0,0.2
216,0.0,0.0,1.0,0.1,0.1,0.0,2.0,1.0,0.0,3.0,0.1,0.2,1.0,0.0,1.0,0.1,0.2,0.2,1.0,0.1,0.1,0.2,0.0,0.2,0.2,0.1,0.0,0.2,0.1,0.2,3.0,7.0,0.2
217,0.0,0.2,1.0,0.0,0.2,0.2,1.0,0.0,0.1,0.2,0.1,0.2,0.2,1.0,0.0,0.1,0.0,0.1,1.0,1.0,0.1,2.0,2.0,0.2,1.0,0.0,0.0,4.0,1.0,0.2,1.0,4.0,0.2
218,1.0,1.0,1.0,0.2,1.0,0.2,0.1,0.0,1.0,1.0,0.0,1.0,0.0,0.1,0.0,0.0,1.0,0.2,0.0,1.0,0.1,0.1,1.0,0.1,0.1,0.0,0.0,3.0,0.0,1.0,0.0,6.0,0.1
219,0.1,1.0,0.0,0.0,1.0,0.0,0.2,0.2,0.2,0.0,0.1,0.0,1.0,0.0,0.0,0.1,0.2,0.0,0.0,1.0,1.0,0.2,0.1,0.1,2.0,1.0,2.0,2.0,2.0,3.0,0.0,3.0,0.2
220,1.0,1.0,0.0,0.0,0.1,0.2,0.2,0.2,0.2,0.0,1.0,0.2,1.0,0.0,0.0,0.1,1.0,1.0,1.0,0.0,1.0,0.2,1.0,0.0,0.0,0.0,1.0,3.0,0.2,2.0,1.0,4.0,0.1
221,0.2,1.0,0.0,0.2,0.1,0.0,0.0,1.0,0.1,1.0,0.0,0.0,1.0,0.0,0.0,0.1,0.0,2.0,0.0,1.0,2.0,0.2,0.0,0.1,1.0,0.0,0.2,2.0,1.0,0.0,3.0,4.0,0.3
222,1.0,0.0,0.1,1.0,0.1,0.2,0.0,1.0,0.2,0.2,0.1,0.2,0.1,0.2,0.2,0.1,1.0,0.2,0.2,1.0,1.0,0.2,1.0,2.0,0.0,1.0,0.1,3.0,0.1,2.0,2.0,3.0,0.2
223,0.2,0.0,1.0,0.0,2.0,0.0,2.0,0.1,1.0,1.0,0.2,0.0,0.1,0.2,0.1,0.1,1.0,0.2,0.0,0.0,0.0,1.0,1.0,0.2,0.2,0.1,0.1,4.0,0.0,1.0,2.0,3.0,0.2
224,0.1,2.0,0.2,1.0,0.2,0.0,0.2,1.0,0.2,1.0,2.0,0.2,0.2,0.0,0.1,0.1,0.0,0.2,1.0,0.1,1.0,0.0,0.1,0.0,0.2,0.0,1.0,1.0,0.2,1.0,2.0,6.0,0.1
225,1.0,0.0,0.0,0.1,0.2,0.1,0.2,1.0,0.0,2.0,0.1,0.2,0.2,1.0,0.2,0.0,1.0,0.1,1.0,1.0,0.1,1.0,0.1,0.1,1.0,0.1,0.0,2.0,1.0,1.0,1.0,5.0,0.4
226,0.2,0.1,0.0,0.0,1.0,0.2,0.0,0.2,1.0,1.0,1.0,0.2,0.1,0.1,0.2,0.1,1.0,0.0,1.0,0.0,0.0,0.2,1.0,0.0,1.0,1.0,1.0,2.0,1.0,3.0,0.0,4.0,0.4
227,0.2,0.1,0.0,2.0,1.0,0.2,1.0,0.1,0.1,0.0,1.0,0.2,1.0,1.0,0.1,0.0,0.0,1.0,1.0,0.1,1.0,0.2,0.0,0.0,0.2,0.0,0.2,2.0,0.2,0.2,4.0,4.0,0.2
228,1.0,0.1,0.2,1.0,1.0,0.0,0.0,3.0,1.0,0.0,0.1,1.0,1.0,0.2,0.0,0.2,0.1,0.0,0.0,0.2,0.0,0.1,0.2,0.0,0.1,0.2,1.0,2.0,0.1,1.0,4.0,3.0,0.2
229,0.1,0.1,0.1,0.1,0.2,0.0,1.0,0.2,0.2,1.0,1.0,1.0,1.0,1.0,1.0,1.0,0.0,2.0,0.2,0.1,0.2,0.1,0.1,0.0,0.2,0.2,0.0,0.1,0.1,0.2,4.0,6.0,0.2
230,0.0,1.0,0.1,0.0,0.0,0.2,1.0,1.0,1.0,0.1,0.2,0.0,0.0,0.0,1.0,1.0,0.1,0.1,0.1,0.2,1.0,1.0,1.0,0.0,0.0,0.1,1.0,3.0,0.2,1.0,3.0,3.0,0.1
231,0.1,2.0,0.1,0.1,1.0,0.0,0.1,0.1,0.1,1.0,0.1,0.1,0.2,0.1,1.0,0.1,0.0,1.0,1.0,0.0,1.0,0.2,0.2,0.0,1.0,1.0,0.0,2.0,1.0,1.0,1.0,5.0,0.3
232,0.0,1.0,2.0,1.0,0.0,0.0,0.0,0.0,0.0,0.2,0.0,1.0,0.0,2.0,0.0,1.0,0.1,0.0,0.2,1.0,0.1,0.2,1.0,0.1,0.1,0.0,0.2,1.0,0.0,0.1,2.0,7.0,0.4
233,1.0,0.1,0.0,0.0,0.2,0.2,0.2,0.2,0.2,0.0,0.2,1.0,1.0,0.0,1.0,1.0,1.0,0.0,1.0,0.0,0.2,1.0,1.0,0.0,0.0,0.1,1.0,3.0,0.0,2.0,1.0,4.0,0.3
234,0.0,0.2,0.2,0.1,0.2,0.0,1.0,1.0,3.0,0.2,0.0,0.2,0.2,1.0,0.1,0.2,0.1,1.0,0.1,0.1,1.0,1.0,0.1,0.0,0.2,1.0,0.2,2.0,0.2,1.0,3.0,4.0,0.3
235,0.0,1.0,1.0,1.0,0.1,0.0,0.0,0.0,0.0,1.0,1.0,1.0,0.2,1.0,0.0,0.1,0.1,0.1,2.0,0.2,0.1,0.0,0.1,0.0,1.0,0.2,0.0,0.0,1.0,0.0,1.0,8.0,0.1
236,1.0,1.0,1.0,0.1,1.0,0.0,0.2,1.0,1.0,1.0,0.0,0.2,0.2,0.0,0.2,0.2,2.0,0.0,0.0,0.1,0.0,1.0,0.0,0.0,0.1,0.1,0.1,3.0,0.0,2.0,1.0,4.0,0.3
237,0.1,0.1,0.0,2.0,1.0,0.2,1.0,0.0,0.2,0.0,0.2,0.1,0.1,0.2,0.0,0.1,0.0,1.0,0.0,0.0,1.0,0.2,1.0,0.1,1.0,1.0,1.0,3.0,1.0,2.0,4.0,0.1,0.4
238,0.2,0.2,0.0,0.2,0.2,0.2,0.1,0.0,1.0,0.0,1.0,0.2,1.0,1.0,0.1,1.0,0.0,0.0,1.0,0.1,1.0,0.2,0.2,0.0,0.1,1.0,2.0,1.0,0.1,3.0,1.0,5.0,0.1
239,0.0,0.0,0.1,0.0,0.0,0.0,0.1,1.0,0.2,0.2,0.2,0.1,1.0,0.1,0.2,0.2,0.2,0.1,0.1,1.0,1.0,2.0,0.2,1.0,1.0,2.0,0.2,3.0,1.0,2.0,1.0,3.0,0.2
240,1.0,1.0,0.1,3.0,0.1,0.1,0.2,0.2,0.2,0.1,0.2,0.0,2.0,0.2,0.2,0.0,1.0,0.1,0.0,1.0,0.1,0.2,1.0,0.2,0.0,0.1,0.0,2.0,0.0,1.0,3.0,4.0,0.1
241,1.0,0.0,1.0,0.1,0.1,0.2,0.1,2.0,0.0,1.0,0.1,0.0,1.0,0.1,1.0,1.0,1.0,0.1,0.1,0.1,0.2,0.0,0.1,0.2,0.1,0.1,1.0,1.0,0.2,2.0,3.0,4.0,0.4
242,0.1,2.0,0.0,0.2,0.0,0.2,1.0,0.1,0.2,0.2,1.0,0.1,1.0,0.0,1.0,0.0,0.2,1.0,0.1,0.1,1.0,1.0,1.0,0.2,0.1,0.2,0.1,3.0,0.2,0.2,2.0,5.0,0.2
243,0.2,0.1,0.2,0.0,0.1,0.1,0.0,0.0,1.0,0.2,1.0,1.0,0.1,0.1,1.0,3.0,0.2,1.0,0.2,0.0,0.1,0.2,0.1,0.1,0.1,0.0,2.0,0.1,0.1,2.0,4.0,4.0,0.1
244,1.0,1.0,1.0,0.0,1.0,0.1,0.0,0.1,0.2,1.0,0.1,0.2,1.0,1.0,0.2,0.1,1.0,0.0,0.0,0.1,1.0,1.0,0.1,0.1,0.0,0.0,0.0,4.0,0.1,1.0,0.0,5.0,0.1
245,0.1,0.1,0.0,1.0,1.0,0.2,1.0,0.1,2.0,1.0,1.0,0.0,0.0,1.0,1.0,0.1,1.0,0.2,0.2,0.2,0.0,0.0,0.0,0.0,0.1,0.1,0.1,1.0,0.1,1.0,2.0,6.0,0.1
246,1.0,1.0,1.0,1.0,1.0,0.2,0.2,0.0,1.0,0.1,0.0,0.2,1.0,0.2,0.2,0.2,0.2,0.0,0.0,0.0,1.0,0.2,1.0,0.1,1.0,0.1,0.2,4.0,1.0,0.0,1.0,4.0,0.3
247,1.0,1.0,0.0,0.0,1.0,0.1,1.0,0.0,1.0,0.2,0.0,0.0,0.0,0.1,1.0,1.0,0.0,0.1,0.2,0.2,0.2,0.1,0.0,0.1,2.0,1.0,0.1,2.0,2.0,1.0,2.0,3.0,0.2
248,0.0,0.1,1.0,0.0,1.0,0.1,1.0,0.0,1.0,0.1,0.0,1.0,0.1,1.0,1.0,0.2,0.2,0.1,0.2,1.0,0.2,0.0,0.0,0.1,0.2,0.1,2.0,1.0,0.1,2.0,1.0,6.0,0.1
249,0.1,0.0,1.0,0.1,1.0,0.1,1.0,0.2,0.2,0.0,2.0,0.0,0.2,1.0,0.2,0.2,0.0,0.1,0.0,0.2,0.2,2.0,0.1,1.0,1.0,0.1,0.0,3.0,1.0,0.2,1.0,5.0,0.2
